vw,up,us,lt,aero_force,v_app,kite_vel,aoa,set_elevation,final_elevation,azimuth,g_earth
8.0,0.42,0.0,262.0,267.82958984375,7.599896430969238,0.0007684883894398808,3.9775443077087402,50.0,61.651084899902344,-0.0024219967890530825,0.0
8.0,0.42,0.0,262.0,267.4734802246094,7.598355293273926,0.008040960878133774,3.7244999408721924,60.0,63.8085823059082,0.036536846309900284,0.0
8.0,0.42,0.0,262.0,424.5999450683594,7.59884786605835,0.04353596270084381,5.687139511108398,70.0,66.92994689941406,0.11840375512838364,0.0
8.0,0.42,0.0,262.0,377.30059814453125,7.598474025726318,0.0036611047107726336,3.6728832721710205,80.0,70.84564208984375,0.012167813256382942,0.0
